[

    {   
        "id" : "1", 
        "address" : "Steglitzer Damm 1, 12169 Berlin",
        "latitude" : "52.4516800",
        "longitude" : "13.3357886",
        "satelite_image" : "001_Steglitzer_Sate.png",
        "cutout" : "001_Steglitzer_Sate.png_CO.png",
        "clustered" : "001_Steglitzer_clustered.png"
    },
    {   
        "id" : "2", 
        "address" : "Steglitzer Damm 20, 12169 Berlin",
        "latitude" : "52.4507216",
        "longitude" : "13.3393161",
        "satelite_image" : "020_Steglitzer_Sate.png",
        "cutout" : "020_Steglitzer_Sate.png_CO.png",
        "clustered" : "020_Steglitzer_clustered.png"
    },
    {
        "id" : "3", 
        "address" : "Attilastraße 5 12105 Berlin",
        "latitude" : "52.4551372",
        "longitude" : "13.3742114",
        "satelite_image" : "005_Attilastraße_Sate.png",
        "cutout" : "005_Attilastraße_Sate.png_CO.png",
        "clustered" : "005_Attilastraße_clustered.png"
    },

    {
        "id" : "4", 
        "address" : "Attilastraße 6 12105 Berlin",
        "latitude" : "52.4548968",
        "longitude" : "13.3742036",
        "satelite_image" : "006_Attilastraße_Sate.png",
        "cutout" : "006_Attilastraße_Sate.png_CO.png",
        "clustered" : "006_Attilastraße_clustered.png"
    },

    {
        "id" : "5", 
        "address" : "9 Alt-Lankwitz 12247 Berlin",
        "latitude" : "52.4397504",
        "longitude" : "13.3530276",
        "satelite_image" : "009_Alt-Lankwitz_Sate.png",
        "cutout" : "009_Alt-Lankwitz_Sate.png_CO.png",
        "clustered" : "009_Alt-Lankwitz_clustered.png"
    }
]
