id,address,latitude,longitude,satelite_image,cutout,clustered
1,"Steglitzer Damm 1, 12169 Berlin",52.4516800,13.3357886,001_Steglitzer_Sate.png,001_Steglitzer_Sate.png_CO.png,001_Steglitzer_clustered.png
2,"Steglitzer Damm 20, 12169 Berlin",52.4507216,13.3393161,020_Steglitzer_Sate.png,020_Steglitzer_Sate.png_CO.png,020_Steglitzer_clustered.png
3,Attilastraße 5 12105 Berlin,52.4551372,13.3742114,005_Attilastraße_Sate.png,005_Attilastraße_Sate.png_CO.png,005_Attilastraße_clustered.png
4,Attilastraße 6 12105 Berlin,52.4548968,13.3742036,006_Attilastraße_Sate.png,006_Attilastraße_Sate.png_CO.png,006_Attilastraße_clustered.png
5,9 Alt-Lankwitz 12247 Berlin,52.4397504,13.3530276,009_Alt-Lankwitz_Sate.png,009_Alt-Lankwitz_Sate.png_CO.png,009_Alt-Lankwitz_clustered.png
